<?xml version="1.0" encoding="UTF-8"?>
<!-- Solr managed schema - automatically generated - DO NOT EDIT -->
<schema name="default-config" version="1.7">
  <uniqueKey>id</uniqueKey>
  <fieldType name="_nest_path_" class="solr.NestPathField" omitTermFreqAndPositions="true" omitNorms="true" maxCharsForDocValues="-1" stored="false" multiValued="false"/>
  <fieldType name="ancestor_path" class="solr.TextField">
    <analyzer type="index">
      <tokenizer name="keyword"/>
    </analyzer>
    <analyzer type="query">
      <tokenizer delimiter="/" name="pathHierarchy"/>
    </analyzer>
  </fieldType>
  <fieldType name="binary" class="solr.BinaryField"/>
  <fieldType name="boolean" class="solr.BoolField" sortMissingLast="true"/>
  <fieldType name="booleans" class="solr.BoolField" sortMissingLast="true" multiValued="true"/>
  <fieldType name="delimited_payloads_float" class="solr.TextField" indexed="true" stored="false">
    <analyzer>
      <tokenizer name="whitespace"/>
      <filter encoder="float" name="delimitedPayload"/>
    </analyzer>
  </fieldType>
  <fieldType name="delimited_payloads_int" class="solr.TextField" indexed="true" stored="false">
    <analyzer>
      <tokenizer name="whitespace"/>
      <filter encoder="integer" name="delimitedPayload"/>
    </analyzer>
  </fieldType>
  <fieldType name="delimited_payloads_string" class="solr.TextField" indexed="true" stored="false">
    <analyzer>
      <tokenizer name="whitespace"/>
      <filter encoder="identity" name="delimitedPayload"/>
    </analyzer>
  </fieldType>
  <fieldType name="descendent_path" class="solr.TextField">
    <analyzer type="index">
      <tokenizer delimiter="/" name="pathHierarchy"/>
    </analyzer>
    <analyzer type="query">
      <tokenizer name="keyword"/>
    </analyzer>
  </fieldType>
  <fieldType name="ignored" class="solr.StrField" indexed="false" stored="false" docValues="false" multiValued="true"/>
  <fieldType name="location" class="solr.LatLonPointSpatialField"/>
  <fieldType name="location_rpt" class="solr.SpatialRecursivePrefixTreeFieldType" geo="true" maxDistErr="0.001" distErrPct="0.025" distanceUnits="kilometers"/>
  <fieldType name="lowercase" class="solr.SortableTextField" positionIncrementGap="100">
    <analyzer>
      <tokenizer class="solr.KeywordTokenizerFactory"/>
      <filter class="solr.LowerCaseFilterFactory"/>
    </analyzer>
  </fieldType>
  <fieldType name="pdate" class="solr.DatePointField"/>
  <fieldType name="pdates" class="solr.DatePointField" multiValued="true"/>
  <fieldType name="pdouble" class="solr.DoublePointField"/>
  <fieldType name="pdoubles" class="solr.DoublePointField" multiValued="true"/>
  <fieldType name="pfloat" class="solr.FloatPointField"/>
  <fieldType name="pfloats" class="solr.FloatPointField" multiValued="true"/>
  <fieldType name="phonetic_en" class="solr.TextField" indexed="true" stored="false">
    <analyzer>
      <tokenizer name="standard"/>
      <filter name="doubleMetaphone" inject="false"/>
    </analyzer>
  </fieldType>
  <fieldType name="pint" class="solr.IntPointField"/>
  <fieldType name="pints" class="solr.IntPointField" multiValued="true"/>
  <fieldType name="plong" class="solr.LongPointField"/>
  <fieldType name="plongs" class="solr.LongPointField" multiValued="true"/>
  <fieldType name="point" class="solr.PointType" subFieldSuffix="_d" dimension="2"/>
  <fieldType name="random" class="solr.RandomSortField" indexed="true"/>
  <fieldType name="rank" class="solr.RankField"/>
  <fieldType name="string" class="solr.StrField" sortMissingLast="true" docValues="true"/>
  <fieldType name="strings" class="solr.StrField" sortMissingLast="true" multiValued="true"/>
  <fieldType name="text_ar" class="solr.TextField" positionIncrementGap="100">
    <analyzer>
      <tokenizer name="standard"/>
      <filter name="lowercase"/>
      <filter words="lang/stopwords_ar.txt" ignoreCase="true" name="stop"/>
      <filter name="arabicNormalization"/>
      <filter name="arabicStem"/>
    </analyzer>
  </fieldType>
  <fieldType name="text_bg" class="solr.TextField" positionIncrementGap="100">
    <analyzer>
      <tokenizer name="standard"/>
      <filter name="lowercase"/>
      <filter words="lang/stopwords_bg.txt" ignoreCase="true" name="stop"/>
      <filter name="bulgarianStem"/>
    </analyzer>
  </fieldType>
  <fieldType name="text_ca" class="solr.TextField" positionIncrementGap="100">
    <analyzer>
      <tokenizer name="standard"/>
      <filter articles="lang/contractions_ca.txt" ignoreCase="true" name="elision"/>
      <filter name="lowercase"/>
      <filter words="lang/stopwords_ca.txt" ignoreCase="true" name="stop"/>
      <filter language="Catalan" name="snowballPorter"/>
    </analyzer>
  </fieldType>
  <fieldType name="text_cjk" class="solr.TextField" positionIncrementGap="100">
    <analyzer>
      <tokenizer name="standard"/>
      <filter name="CJKWidth"/>
      <filter name="lowercase"/>
      <filter name="CJKBigram"/>
    </analyzer>
  </fieldType>
  <fieldType name="text_cz" class="solr.TextField" positionIncrementGap="100">
    <analyzer>
      <tokenizer name="standard"/>
      <filter name="lowercase"/>
      <filter words="lang/stopwords_cz.txt" ignoreCase="true" name="stop"/>
      <filter name="czechStem"/>
    </analyzer>
  </fieldType>
  <fieldType name="text_da" class="solr.TextField" positionIncrementGap="100">
    <analyzer>
      <tokenizer name="standard"/>
      <filter name="lowercase"/>
      <filter ignoreCase="true" format="snowball" name="stop" words="lang/stopwords_da.txt"/>
      <filter language="Danish" name="snowballPorter"/>
    </analyzer>
  </fieldType>
  <fieldType name="text_de" class="solr.TextField" positionIncrementGap="100">
    <analyzer>
      <tokenizer name="standard"/>
      <filter name="lowercase"/>
      <filter ignoreCase="true" format="snowball" name="stop" words="lang/stopwords_de.txt"/>
      <filter name="germanNormalization"/>
      <filter name="germanLightStem"/>
    </analyzer>
  </fieldType>
  <fieldType name="text_el" class="solr.TextField" positionIncrementGap="100">
    <analyzer>
      <tokenizer name="standard"/>
      <filter name="greekLowercase"/>
      <filter words="lang/stopwords_el.txt" ignoreCase="false" name="stop"/>
      <filter name="greekStem"/>
    </analyzer>
  </fieldType>
  <fieldType name="text_en" class="solr.TextField" positionIncrementGap="100">
    <analyzer type="index">
      <tokenizer name="standard"/>
      <filter words="lang/stopwords_en.txt" ignoreCase="true" name="stop"/>
      <filter name="lowercase"/>
      <filter name="englishPossessive"/>
      <filter name="keywordMarker" protected="protwords.txt"/>
      <filter name="porterStem"/>
    </analyzer>
    <analyzer type="query">
      <tokenizer name="standard"/>
      <filter ignoreCase="true" expand="true" name="synonymGraph" synonyms="synonyms.txt"/>
      <filter words="lang/stopwords_en.txt" ignoreCase="true" name="stop"/>
      <filter name="lowercase"/>
      <filter name="englishPossessive"/>
      <filter name="keywordMarker" protected="protwords.txt"/>
      <filter name="porterStem"/>
    </analyzer>
  </fieldType>
  <fieldType name="text_en_splitting" class="solr.TextField" autoGeneratePhraseQueries="true" positionIncrementGap="100">
    <analyzer type="index">
      <tokenizer name="whitespace"/>
      <filter words="lang/stopwords_en.txt" ignoreCase="true" name="stop"/>
      <filter catenateWords="1" catenateNumbers="1" splitOnCaseChange="1" name="wordDelimiterGraph" catenateAll="0" generateWordParts="1" generateNumberParts="1"/>
      <filter name="lowercase"/>
      <filter name="keywordMarker" protected="protwords.txt"/>
      <filter name="porterStem"/>
      <filter name="flattenGraph"/>
    </analyzer>
    <analyzer type="query">
      <tokenizer name="whitespace"/>
      <filter ignoreCase="true" expand="true" name="synonymGraph" synonyms="synonyms.txt"/>
      <filter words="lang/stopwords_en.txt" ignoreCase="true" name="stop"/>
      <filter catenateWords="0" catenateNumbers="0" splitOnCaseChange="1" name="wordDelimiterGraph" catenateAll="0" generateWordParts="1" generateNumberParts="1"/>
      <filter name="lowercase"/>
      <filter name="keywordMarker" protected="protwords.txt"/>
      <filter name="porterStem"/>
    </analyzer>
  </fieldType>
  <fieldType name="text_en_splitting_tight" class="solr.TextField" autoGeneratePhraseQueries="true" positionIncrementGap="100">
    <analyzer type="index">
      <tokenizer name="whitespace"/>
      <filter ignoreCase="true" expand="false" name="synonymGraph" synonyms="synonyms.txt"/>
      <filter words="lang/stopwords_en.txt" ignoreCase="true" name="stop"/>
      <filter catenateNumbers="1" generateWordParts="0" catenateAll="0" generateNumberParts="0" name="wordDelimiterGraph" catenateWords="1"/>
      <filter name="lowercase"/>
      <filter name="keywordMarker" protected="protwords.txt"/>
      <filter name="englishMinimalStem"/>
      <filter name="removeDuplicates"/>
      <filter name="flattenGraph"/>
    </analyzer>
    <analyzer type="query">
      <tokenizer name="whitespace"/>
      <filter ignoreCase="true" expand="false" name="synonymGraph" synonyms="synonyms.txt"/>
      <filter words="lang/stopwords_en.txt" ignoreCase="true" name="stop"/>
      <filter catenateNumbers="1" generateWordParts="0" catenateAll="0" generateNumberParts="0" name="wordDelimiterGraph" catenateWords="1"/>
      <filter name="lowercase"/>
      <filter name="keywordMarker" protected="protwords.txt"/>
      <filter name="englishMinimalStem"/>
      <filter name="removeDuplicates"/>
    </analyzer>
  </fieldType>
  <fieldType name="text_es" class="solr.TextField" positionIncrementGap="100">
    <analyzer>
      <tokenizer name="standard"/>
      <filter name="lowercase"/>
      <filter ignoreCase="true" format="snowball" name="stop" words="lang/stopwords_es.txt"/>
      <filter name="spanishLightStem"/>
    </analyzer>
  </fieldType>
  <fieldType name="text_et" class="solr.TextField" positionIncrementGap="100">
    <analyzer>
      <tokenizer name="standard"/>
      <filter name="lowercase"/>
      <filter words="lang/stopwords_et.txt" ignoreCase="true" name="stop"/>
      <filter language="Estonian" name="snowballPorter"/>
    </analyzer>
  </fieldType>
  <fieldType name="text_eu" class="solr.TextField" positionIncrementGap="100">
    <analyzer>
      <tokenizer name="standard"/>
      <filter name="lowercase"/>
      <filter words="lang/stopwords_eu.txt" ignoreCase="true" name="stop"/>
      <filter language="Basque" name="snowballPorter"/>
    </analyzer>
  </fieldType>
  <fieldType name="text_fa" class="solr.TextField" positionIncrementGap="100">
    <analyzer>
      <charFilter name="persian"/>
      <tokenizer name="standard"/>
      <filter name="lowercase"/>
      <filter name="arabicNormalization"/>
      <filter name="persianNormalization"/>
      <filter words="lang/stopwords_fa.txt" ignoreCase="true" name="stop"/>
    </analyzer>
  </fieldType>
  <fieldType name="text_fi" class="solr.TextField" positionIncrementGap="100">
    <analyzer>
      <tokenizer name="standard"/>
      <filter name="lowercase"/>
      <filter ignoreCase="true" format="snowball" name="stop" words="lang/stopwords_fi.txt"/>
      <filter language="Finnish" name="snowballPorter"/>
    </analyzer>
  </fieldType>
  <fieldType name="text_fr" class="solr.TextField" positionIncrementGap="100">
    <analyzer>
      <tokenizer name="standard"/>
      <filter articles="lang/contractions_fr.txt" ignoreCase="true" name="elision"/>
      <filter name="lowercase"/>
      <filter ignoreCase="true" format="snowball" name="stop" words="lang/stopwords_fr.txt"/>
      <filter name="frenchLightStem"/>
    </analyzer>
  </fieldType>
  <fieldType name="text_ga" class="solr.TextField" positionIncrementGap="100">
    <analyzer>
      <tokenizer name="standard"/>
      <filter articles="lang/contractions_ga.txt" ignoreCase="true" name="elision"/>
      <filter words="lang/hyphenations_ga.txt" ignoreCase="true" name="stop"/>
      <filter name="irishLowercase"/>
      <filter words="lang/stopwords_ga.txt" ignoreCase="true" name="stop"/>
      <filter language="Irish" name="snowballPorter"/>
    </analyzer>
  </fieldType>
  <fieldType name="text_gen_sort" class="solr.SortableTextField" positionIncrementGap="100" multiValued="true">
    <analyzer type="index">
      <tokenizer name="standard"/>
      <filter words="stopwords.txt" ignoreCase="true" name="stop"/>
      <filter name="lowercase"/>
    </analyzer>
    <analyzer type="query">
      <tokenizer name="standard"/>
      <filter words="stopwords.txt" ignoreCase="true" name="stop"/>
      <filter ignoreCase="true" expand="true" name="synonymGraph" synonyms="synonyms.txt"/>
      <filter name="lowercase"/>
    </analyzer>
  </fieldType>
  <fieldType name="text_general" class="solr.TextField" positionIncrementGap="100" multiValued="true">
    <analyzer type="index">
      <tokenizer name="standard"/>
      <filter words="stopwords.txt" ignoreCase="true" name="stop"/>
      <filter name="lowercase"/>
    </analyzer>
    <analyzer type="query">
      <tokenizer name="standard"/>
      <filter words="stopwords.txt" ignoreCase="true" name="stop"/>
      <filter ignoreCase="true" expand="true" name="synonymGraph" synonyms="synonyms.txt"/>
      <filter name="lowercase"/>
    </analyzer>
  </fieldType>
  <fieldType name="text_general_rev" class="solr.TextField" positionIncrementGap="100">
    <analyzer type="index">
      <tokenizer name="standard"/>
      <filter words="stopwords.txt" ignoreCase="true" name="stop"/>
      <filter name="lowercase"/>
      <filter maxPosAsterisk="3" withOriginal="true" maxPosQuestion="2" name="reversedWildcard" maxFractionAsterisk="0.33"/>
    </analyzer>
    <analyzer type="query">
      <tokenizer name="standard"/>
      <filter ignoreCase="true" expand="true" name="synonymGraph" synonyms="synonyms.txt"/>
      <filter words="stopwords.txt" ignoreCase="true" name="stop"/>
      <filter name="lowercase"/>
    </analyzer>
  </fieldType>
  <fieldType name="text_gl" class="solr.TextField" positionIncrementGap="100">
    <analyzer>
      <tokenizer name="standard"/>
      <filter name="lowercase"/>
      <filter words="lang/stopwords_gl.txt" ignoreCase="true" name="stop"/>
      <filter name="galicianStem"/>
    </analyzer>
  </fieldType>
  <fieldType name="text_hi" class="solr.TextField" positionIncrementGap="100">
    <analyzer>
      <tokenizer name="standard"/>
      <filter name="lowercase"/>
      <filter name="indicNormalization"/>
      <filter name="hindiNormalization"/>
      <filter words="lang/stopwords_hi.txt" ignoreCase="true" name="stop"/>
      <filter name="hindiStem"/>
    </analyzer>
  </fieldType>
  <fieldType name="text_hu" class="solr.TextField" positionIncrementGap="100">
    <analyzer>
      <tokenizer name="standard"/>
      <filter name="lowercase"/>
      <filter ignoreCase="true" format="snowball" name="stop" words="lang/stopwords_hu.txt"/>
      <filter language="Hungarian" name="snowballPorter"/>
    </analyzer>
  </fieldType>
  <fieldType name="text_hy" class="solr.TextField" positionIncrementGap="100">
    <analyzer>
      <tokenizer name="standard"/>
      <filter name="lowercase"/>
      <filter words="lang/stopwords_hy.txt" ignoreCase="true" name="stop"/>
      <filter language="Armenian" name="snowballPorter"/>
    </analyzer>
  </fieldType>
  <fieldType name="text_id" class="solr.TextField" positionIncrementGap="100">
    <analyzer>
      <tokenizer name="standard"/>
      <filter name="lowercase"/>
      <filter words="lang/stopwords_id.txt" ignoreCase="true" name="stop"/>
      <filter stemDerivational="true" name="indonesianStem"/>
    </analyzer>
  </fieldType>
  <fieldType name="text_it" class="solr.TextField" positionIncrementGap="100">
    <analyzer>
      <tokenizer name="standard"/>
      <filter articles="lang/contractions_it.txt" ignoreCase="true" name="elision"/>
      <filter name="lowercase"/>
      <filter ignoreCase="true" format="snowball" name="stop" words="lang/stopwords_it.txt"/>
      <filter name="italianLightStem"/>
    </analyzer>
  </fieldType>
  <fieldType name="text_ja" class="solr.TextField" autoGeneratePhraseQueries="false" positionIncrementGap="100">
    <analyzer>
      <tokenizer mode="search" name="japanese"/>
      <filter name="japaneseBaseForm"/>
      <filter tags="lang/stoptags_ja.txt" name="japanesePartOfSpeechStop"/>
      <filter name="cjkWidth"/>
      <filter words="lang/stopwords_ja.txt" ignoreCase="true" name="stop"/>
      <filter minimumLength="4" name="japaneseKatakanaStem"/>
      <filter name="lowercase"/>
    </analyzer>
  </fieldType>
  <fieldType name="text_ko" class="solr.TextField" positionIncrementGap="100">
    <analyzer>
      <tokenizer outputUnknownUnigrams="false" decompoundMode="discard" name="korean"/>
      <filter name="koreanPartOfSpeechStop"/>
      <filter name="koreanReadingForm"/>
      <filter name="lowercase"/>
    </analyzer>
  </fieldType>
  <fieldType name="text_lv" class="solr.TextField" positionIncrementGap="100">
    <analyzer>
      <tokenizer name="standard"/>
      <filter name="lowercase"/>
      <filter words="lang/stopwords_lv.txt" ignoreCase="true" name="stop"/>
      <filter name="latvianStem"/>
    </analyzer>
  </fieldType>
  <fieldType name="text_match" class="solr.TextField" omitNorms="true" omitTermFreqAndPositions="true" positionIncrementGap="0">
    <analyzer type="index">
      <charFilter class="solr.PatternReplaceCharFilterFactory" pattern="(\w+)@(\w+\S+)" replacement="$1_$2 $2"/>
      <tokenizer class="solr.StandardTokenizerFactory"/>
      <filter class="solr.LowerCaseFilterFactory"/>
      <filter class="solr.EdgeNGramFilterFactory" minGramSize="2" preserveOriginal="true" maxGramSize="15"/>
    </analyzer>
    <analyzer type="query">
      <charFilter class="solr.PatternReplaceCharFilterFactory" pattern="(\w+)@(\w+\S+)" replacement="$1_$2"/>
      <tokenizer class="solr.StandardTokenizerFactory"/>
      <filter class="solr.LowerCaseFilterFactory"/>
    </analyzer>
  </fieldType>
  <fieldType name="text_nl" class="solr.TextField" positionIncrementGap="100">
    <analyzer>
      <tokenizer name="standard"/>
      <filter name="lowercase"/>
      <filter ignoreCase="true" format="snowball" name="stop" words="lang/stopwords_nl.txt"/>
      <filter dictionary="lang/stemdict_nl.txt" ignoreCase="false" name="stemmerOverride"/>
      <filter language="Dutch" name="snowballPorter"/>
    </analyzer>
  </fieldType>
  <fieldType name="text_no" class="solr.TextField" positionIncrementGap="100">
    <analyzer>
      <tokenizer name="standard"/>
      <filter name="lowercase"/>
      <filter ignoreCase="true" format="snowball" name="stop" words="lang/stopwords_no.txt"/>
      <filter language="Norwegian" name="snowballPorter"/>
    </analyzer>
  </fieldType>
  <fieldType name="text_pt" class="solr.TextField" positionIncrementGap="100">
    <analyzer>
      <tokenizer name="standard"/>
      <filter name="lowercase"/>
      <filter ignoreCase="true" format="snowball" name="stop" words="lang/stopwords_pt.txt"/>
      <filter name="portugueseLightStem"/>
    </analyzer>
  </fieldType>
  <fieldType name="text_ro" class="solr.TextField" positionIncrementGap="100">
    <analyzer>
      <tokenizer name="standard"/>
      <filter name="lowercase"/>
      <filter words="lang/stopwords_ro.txt" ignoreCase="true" name="stop"/>
      <filter language="Romanian" name="snowballPorter"/>
    </analyzer>
  </fieldType>
  <fieldType name="text_ru" class="solr.TextField" positionIncrementGap="100">
    <analyzer>
      <tokenizer name="standard"/>
      <filter name="lowercase"/>
      <filter ignoreCase="true" format="snowball" name="stop" words="lang/stopwords_ru.txt"/>
      <filter language="Russian" name="snowballPorter"/>
    </analyzer>
  </fieldType>
  <fieldType name="text_sv" class="solr.TextField" positionIncrementGap="100">
    <analyzer>
      <tokenizer name="standard"/>
      <filter name="lowercase"/>
      <filter ignoreCase="true" format="snowball" name="stop" words="lang/stopwords_sv.txt"/>
      <filter language="Swedish" name="snowballPorter"/>
    </analyzer>
  </fieldType>
  <fieldType name="text_th" class="solr.TextField" positionIncrementGap="100">
    <analyzer>
      <tokenizer name="thai"/>
      <filter name="lowercase"/>
      <filter words="lang/stopwords_th.txt" ignoreCase="true" name="stop"/>
    </analyzer>
  </fieldType>
  <fieldType name="text_tr" class="solr.TextField" positionIncrementGap="100">
    <analyzer>
      <tokenizer name="standard"/>
      <filter name="turkishLowercase"/>
      <filter words="lang/stopwords_tr.txt" ignoreCase="false" name="stop"/>
      <filter language="Turkish" name="snowballPorter"/>
    </analyzer>
  </fieldType>
  <fieldType name="text_ws" class="solr.TextField" positionIncrementGap="100">
    <analyzer>
      <tokenizer name="whitespace"/>
    </analyzer>
  </fieldType>
  <field name="_nest_path_" type="_nest_path_"/>
  <field name="_root_" type="string" indexed="true" stored="false"/>
  <field name="_text_" type="text_general" multiValued="true" indexed="true" stored="false"/>
  <field name="_version_" type="plong" indexed="false" stored="false"/>
  <field name="contactid_s" type="string" indexed="true" stored="true"/>
  <field name="facets.emails.preferredemail.smtpaddress_s" type="lowercase" omitNorms="true" indexed="true" stored="false"/>
  <field name="facets.personal.firstname_s" type="lowercase" omitNorms="true" indexed="true" stored="false"/>
  <field name="facets.personal.lastname_s" type="lowercase" omitNorms="true" indexed="true" stored="false"/>
  <field name="facets.personal.middlename_s" type="lowercase" omitNorms="true" indexed="true" stored="false"/>
  <field name="id" type="string" multiValued="false" indexed="true" required="true" stored="true"/>
  <field name="textmatch" type="text_match" multiValued="true" indexed="true" stored="false"/>
  <field name="xdbiscc_b" type="boolean" indexed="false" stored="true"/>
  <field name="xdbtokenbytes_s" type="string" indexed="false" stored="true"/>
  <dynamicField name="*_txt_en_split_tight" type="text_en_splitting_tight" indexed="true" stored="true"/>
  <dynamicField name="*_descendent_path" type="descendent_path" indexed="true" stored="true"/>
  <dynamicField name="*_ancestor_path" type="ancestor_path" indexed="true" stored="true"/>
  <dynamicField name="*_txt_en_split" type="text_en_splitting" indexed="true" stored="true"/>
  <dynamicField name="*_txt_sort" type="text_gen_sort" indexed="true" stored="true"/>
  <dynamicField name="ignored_*" type="ignored"/>
  <dynamicField name="*_txt_rev" type="text_general_rev" indexed="true" stored="true"/>
  <dynamicField name="*_phon_en" type="phonetic_en" indexed="true" stored="true"/>
  <dynamicField name="*_s_lower" type="lowercase" indexed="true" stored="true"/>
  <dynamicField name="*_txt_cjk" type="text_cjk" indexed="true" stored="true"/>
  <dynamicField name="random_*" type="random"/>
  <dynamicField name="*_t_sort" type="text_gen_sort" multiValued="false" indexed="true" stored="true"/>
  <dynamicField name="*_txt_en" type="text_en" indexed="true" stored="true"/>
  <dynamicField name="*_txt_ar" type="text_ar" indexed="true" stored="true"/>
  <dynamicField name="*_txt_bg" type="text_bg" indexed="true" stored="true"/>
  <dynamicField name="*_txt_ca" type="text_ca" indexed="true" stored="true"/>
  <dynamicField name="*_txt_cz" type="text_cz" indexed="true" stored="true"/>
  <dynamicField name="*_txt_da" type="text_da" indexed="true" stored="true"/>
  <dynamicField name="*_txt_de" type="text_de" indexed="true" stored="true"/>
  <dynamicField name="*_txt_el" type="text_el" indexed="true" stored="true"/>
  <dynamicField name="*_txt_es" type="text_es" indexed="true" stored="true"/>
  <dynamicField name="*_txt_et" type="text_et" indexed="true" stored="true"/>
  <dynamicField name="*_txt_eu" type="text_eu" indexed="true" stored="true"/>
  <dynamicField name="*_txt_fa" type="text_fa" indexed="true" stored="true"/>
  <dynamicField name="*_txt_fi" type="text_fi" indexed="true" stored="true"/>
  <dynamicField name="*_txt_fr" type="text_fr" indexed="true" stored="true"/>
  <dynamicField name="*_txt_ga" type="text_ga" indexed="true" stored="true"/>
  <dynamicField name="*_txt_gl" type="text_gl" indexed="true" stored="true"/>
  <dynamicField name="*_txt_hi" type="text_hi" indexed="true" stored="true"/>
  <dynamicField name="*_txt_hu" type="text_hu" indexed="true" stored="true"/>
  <dynamicField name="*_txt_hy" type="text_hy" indexed="true" stored="true"/>
  <dynamicField name="*_txt_id" type="text_id" indexed="true" stored="true"/>
  <dynamicField name="*_txt_it" type="text_it" indexed="true" stored="true"/>
  <dynamicField name="*_txt_ja" type="text_ja" indexed="true" stored="true"/>
  <dynamicField name="*_txt_ko" type="text_ko" indexed="true" stored="true"/>
  <dynamicField name="*_txt_lv" type="text_lv" indexed="true" stored="true"/>
  <dynamicField name="*_txt_nl" type="text_nl" indexed="true" stored="true"/>
  <dynamicField name="*_txt_no" type="text_no" indexed="true" stored="true"/>
  <dynamicField name="*_txt_pt" type="text_pt" indexed="true" stored="true"/>
  <dynamicField name="*_txt_ro" type="text_ro" indexed="true" stored="true"/>
  <dynamicField name="*_txt_ru" type="text_ru" indexed="true" stored="true"/>
  <dynamicField name="*_txt_sv" type="text_sv" indexed="true" stored="true"/>
  <dynamicField name="*_txt_th" type="text_th" indexed="true" stored="true"/>
  <dynamicField name="*_txt_tr" type="text_tr" indexed="true" stored="true"/>
  <dynamicField name="*_point" type="point" indexed="true" stored="true"/>
  <dynamicField name="*_srpt" type="location_rpt" indexed="true" stored="true"/>
  <dynamicField name="attr_*" type="text_general" multiValued="true" indexed="true" stored="true"/>
  <dynamicField name="*_dts" type="pdate" multiValued="true" indexed="true" stored="false"/>
  <dynamicField name="*_txt" type="text_general" indexed="true" stored="true"/>
  <dynamicField name="*_str" type="strings" docValues="true" indexed="false" stored="false" useDocValuesAsStored="false"/>
  <dynamicField name="*_dpf" type="delimited_payloads_float" indexed="true" stored="true"/>
  <dynamicField name="*_dpi" type="delimited_payloads_int" indexed="true" stored="true"/>
  <dynamicField name="*_dps" type="delimited_payloads_string" indexed="true" stored="true"/>
  <dynamicField name="*_is" type="pints" multiValued="true" indexed="true" stored="false"/>
  <dynamicField name="*_ss" type="lowercase" omitNorms="true" multiValued="true" indexed="true" stored="false"/>
  <dynamicField name="*_ls" type="plongs" multiValued="true" indexed="true" stored="false"/>
  <dynamicField name="*_bs" type="boolean" multiValued="true" indexed="true" stored="false"/>
  <dynamicField name="*_fs" type="pfloats" multiValued="true" indexed="true" stored="false"/>
  <dynamicField name="*_ds" type="pdoubles" multiValued="true" indexed="true" stored="false"/>
  <dynamicField name="*_dt" type="pdate" indexed="true" stored="false"/>
  <dynamicField name="*_ws" type="text_ws" indexed="true" stored="true"/>
  <dynamicField name="*_i" type="pint" indexed="true" stored="false"/>
  <dynamicField name="*_s" type="lowercase" omitNorms="true" indexed="true" stored="false"/>
  <dynamicField name="*_l" type="plong" indexed="true" stored="false"/>
  <dynamicField name="*_b" type="boolean" sortMissingLast="false" indexed="true" stored="false"/>
  <dynamicField name="*_f" type="pfloat" indexed="true" stored="false"/>
  <dynamicField name="*_d" type="pdouble" indexed="true" stored="false"/>
  <dynamicField name="*_t" type="text_general" multiValued="false" indexed="true" stored="true"/>
  <dynamicField name="*_p" type="location" indexed="true" stored="true"/>
  <copyField source="facets.emails.preferredemail.smtpaddress_s" dest="textmatch"/>
  <copyField source="facets.personal.firstname_s" dest="textmatch"/>
  <copyField source="facets.personal.lastname_s" dest="textmatch"/>
  <copyField source="facets.personal.middlename_s" dest="textmatch"/>
</schema>